# HeaderRows_10,,,,,,,,,,,,
# HeaderRows_Format: Column_Header; Unit; InstallationMethod_ID; Instrument_Summary,,,,,,,,,,,,
# Date; YYYY-MM-DD; See_Column_InstallationMethod_ID; Manually recorded with PST calibrated watch.,,,,,,,,,,,,
# Time_Start; hh:mm UTC-08:00; See_Column_InstallationMethod_ID; Manually recorded with PST calibrated watch.,,,,,,,,,,,,
# Horizontal_Distance_To_Starting_Bank; centimeters; See_Column_InstallationMethod_ID; Meter tape.,,,,,,,,,,,,
# Water_Depth; centimeters; See_Column_InstallationMethod_ID; Swoffer MODEL 3000 Data Recording Current Meter and Flowmeter equipped with a wading rod.,,,,,,,,,,,,
# Velocity_1; meters_per_second; See_Column_InstallationMethod_ID; Swoffer MODEL 3000 Data Recording Current Meter and Flowmeter equipped with a wading rod.,,,,,,,,,,,,
# Velocity_2; meters_per_second; See_Column_InstallationMethod_ID; Swoffer MODEL 3000 Data Recording Current Meter and Flowmeter equipped with a wading rod.,,,,,,,,,,,,
# Velocity_3; meters_per_second; See_Column_InstallationMethod_ID; Swoffer MODEL 3000 Data Recording Current Meter and Flowmeter equipped with a wading rod.,,,,,,,,,,,,
Parent_ID,Site_ID,Date,Time_Start,Colocated_Depth_Transect_Number,Starting_Point,Point_Along_Transect,Horizontal_Distance_To_Starting_Bank,Water_Depth,Velocity_1,Velocity_2,Velocity_3,InstallationMethod_ID
SSF_01,S01,  2023-05-18,12:30,-9999,At_Sensor,A,-9999,85,1.981,1.954,1.969,Two-Tenths_Swoffer_01
SSF_01,S01,  2023-05-18,12:30,-9999,At_Sensor,A,-9999,85,1.759,1.934,1.811,Eight-Tenths_Swoffer_01
SSF_02,S02,  2023-05-18,12:00,-9999,At_Sensor,A,-9999,105,1.13,1.01,1.078,Two-Tenths_Swoffer_01
SSF_02,S02,  2023-05-18,12:00,-9999,At_Sensor,A,-9999,105,0.616,0.648,0.529,Eight-Tenths_Swoffer_01
SSF_04,S04,  2023-05-19,10:00,-9999,At_Sensor,A,-9999,68,2.192,2.041,1.911,Six-Tenths_Swoffer_01
SSF_10,S08,  2023-05-18,16:30,-9999,At_Sensor,A,-9999,100,0.967,0.839,0.884,Six-Tenths_Swoffer_01
SSF_03,S10,  2023-05-19,9:45,-9999,At_Sensor,A,-9999,85,1.379,1.249,1.333,Two-Tenths_Swoffer_01
SSF_03,S10,  2023-05-19,9:45,-9999,At_Sensor,A,-9999,85,0.67,0.7,0.773,Eight-Tenths_Swoffer_01
SSF_05,S11,  2023-05-18,10:45,-9999,At_Sensor,A,-9999,95,2.151,2.298,2.245,Two-Tenths_Swoffer_01
SSF_05,S11,  2023-05-18,10:45,-9999,At_Sensor,A,-9999,95,1.377,1.363,1.243,Eight-Tenths_Swoffer_01
SSF_14,S47R,  2023-05-19,13:00,-9999,At_Sensor,A,-9999,100,1.137,1.252,1.29,Two-Tenths_Swoffer_01
SSF_14,S47R,  2023-05-19,13:00,-9999,At_Sensor,A,-9999,100,0.789,0.781,0.817,Eight-Tenths_Swoffer_01
SSF_13,S49R,  2023-05-19,17:00,-9999,At_Sensor,A,-9999,94,1.326,1.359,1.465,Six-Tenths_Swoffer_01
SSF_15,T05P,  2023-05-18,14:00,-9999,At_Sensor,A,-9999,105,1.224,1.369,1.141,Two-Tenths_Swoffer_01
SSF_15,T05P,  2023-05-18,14:00,-9999,At_Sensor,A,-9999,105,0.822,0.917,0.825,Eight-Tenths_Swoffer_01
SSF_12,S54,  2023-05-19,14:25,-9999,Right_Bank,A,0,25,0.023,0.039,0.031,Six-Tenths_Swoffer_01
SSF_12,S54,  2023-05-19,14:25,-9999,Right_Bank,B,200,53,0.098,0.073,0.068,Six-Tenths_Swoffer_01
SSF_12,S54,  2023-05-19,14:25,-9999,Right_Bank,C,400,62,0.87,0.84,0.831,Six-Tenths_Swoffer_01
SSF_12,S54,  2023-05-19,14:25,-9999,Right_Bank,D,600,69,1.092,1.23,1.042,Six-Tenths_Swoffer_01
SSF_12,S54,  2023-05-19,14:25,-9999,Right_Bank,E,800,60,0.993,0.993,0.92,Six-Tenths_Swoffer_01
SSF_12,S54,  2023-05-19,14:25,-9999,Right_Bank,F,1000,75,1.002,0.945,1.056,Six-Tenths_Swoffer_01
SSF_12,S54,  2023-05-19,14:25,-9999,Right_Bank,G,1200,75,1.041,1.067,0.988,Six-Tenths_Swoffer_01
SSF_12,S54,  2023-05-19,14:25,-9999,Right_Bank,H,1400,62,1.01,0.961,1.026,Six-Tenths_Swoffer_01
SSF_12,S54,  2023-05-19,14:25,-9999,Right_Bank,I,1600,64,0.966,0.904,1.062,Six-Tenths_Swoffer_01
SSF_12,S54,  2023-05-19,14:25,-9999,Right_Bank,J,1800,39,0.966,0.904,1.062,Six-Tenths_Swoffer_01
SSF_12,S54,  2023-05-19,14:25,-9999,Right_Bank,K,2000,57,0.495,0.454,0.441,Six-Tenths_Swoffer_01
SSF_12,S54,  2023-05-19,14:25,-9999,Right_Bank,L,2200,50,0.25,0.179,0.111,Six-Tenths_Swoffer_01
SSF_12,S54,  2023-05-19,14:25,-9999,Right_Bank,M,2400,15,0,0,0,Six-Tenths_Swoffer_01
SSF_17,S15,  2023-05-17,15:45,-9999,Left_Bank,A,18,20,0.653,0.659,0.677,Six-Tenths_Swoffer_01
SSF_17,S15,  2023-05-17,15:45,-9999,Left_Bank,B,100,35,0.99,1.051,1.069,Six-Tenths_Swoffer_01
SSF_17,S15,  2023-05-17,15:45,-9999,Left_Bank,C,200,60,1.944,1.992,2.049,Six-Tenths_Swoffer_01
SSF_17,S15,  2023-05-17,15:45,-9999,Left_Bank,D,300,67,2.235,2.216,2.278,Six-Tenths_Swoffer_01
SSF_17,S15,  2023-05-17,15:45,-9999,Left_Bank,E,450,55,2.461,2.447,2.427,Six-Tenths_Swoffer_01
SSF_17,S15,  2023-05-17,15:45,-9999,Left_Bank,F,600,50,1.064,1.222,1.135,Six-Tenths_Swoffer_01
SSF_17,S15,  2023-05-17,15:45,-9999,Left_Bank,G,700,50,1.717,1.698,1.721,Six-Tenths_Swoffer_01
SSF_17,S15,  2023-05-17,15:45,-9999,Left_Bank,H,800,30,0.169,0.164,0.163,Six-Tenths_Swoffer_01
SSF_11,S03,  2023-05-18,15:00,-9999,Left_Bank,A,0,14,0.007,0.002,0.002,Six-Tenths_Swoffer_01
SSF_11,S03,  2023-05-18,15:00,-9999,Left_Bank,B,45.72,28,0.055,0.072,0.107,Six-Tenths_Swoffer_01
SSF_11,S03,  2023-05-18,15:00,-9999,Left_Bank,C,91.44,46,0.254,0.258,0.247,Six-Tenths_Swoffer_01
SSF_11,S03,  2023-05-18,15:00,-9999,Left_Bank,D,137.16,42,0.167,0.185,0.202,Six-Tenths_Swoffer_01
SSF_11,S03,  2023-05-18,15:00,-9999,Left_Bank,E,182.88,37,0.317,0.318,0.346,Six-Tenths_Swoffer_01
SSF_11,S03,  2023-05-18,15:00,-9999,Left_Bank,F,228.6,40,0.242,0.327,0.373,Six-Tenths_Swoffer_01
SSF_11,S03,  2023-05-18,15:00,-9999,Left_Bank,G,274.32,42,0.732,0.754,0.76,Six-Tenths_Swoffer_01
SSF_11,S03,  2023-05-18,15:00,-9999,Left_Bank,H,320.04,43,0.678,0.648,0.684,Six-Tenths_Swoffer_01
SSF_11,S03,  2023-05-18,15:00,-9999,Left_Bank,I,365.76,40,1.021,1.005,1.016,Six-Tenths_Swoffer_01
SSF_11,S03,  2023-05-18,15:00,-9999,Left_Bank,J,411.48,42,0.836,0.812,0.825,Six-Tenths_Swoffer_01
SSF_11,S03,  2023-05-18,15:00,-9999,Left_Bank,K,457.2,32,0.585,0.582,0.618,Six-Tenths_Swoffer_01
SSF_11,S03,  2023-05-18,15:00,-9999,Left_Bank,L,502.92,24,0.506,0.5,0.473,Six-Tenths_Swoffer_01
SSF_11,S03,  2023-05-18,15:00,-9999,Left_Bank,M,548.64,20,0.427,0.427,0.425,Six-Tenths_Swoffer_01
SSF_09,S23,  2023-05-17,13:20,-9999,Left_Bank,A,100,16,0.018,0.042,0.052,Six-Tenths_Swoffer_01
SSF_09,S23,  2023-05-17,13:20,-9999,Left_Bank,B,300,50,0.237,0.294,0.192,Six-Tenths_Swoffer_01
SSF_09,S23,  2023-05-17,13:20,-9999,Left_Bank,C,500,85,0.37,0.462,0.367,Six-Tenths_Swoffer_01
SSF_09,S23,  2023-05-17,13:20,-9999,Left_Bank,D,640,95,0.776,0.619,0.782,Six-Tenths_Swoffer_01
SSF_09,S23,  2023-05-17,13:20,-9999,Left_Bank,E,840,101,0.987,1.001,1.004,Six-Tenths_Swoffer_01
SSF_16,S29,  2023-05-17,12:00,-9999,Right_Bank,A,0,12,0.26,0.344,0.344,Six-Tenths_Swoffer_01
SSF_16,S29,  2023-05-17,12:00,-9999,Right_Bank,B,60.96,38,0.414,0.482,0.373,Six-Tenths_Swoffer_01
SSF_16,S29,  2023-05-17,12:00,-9999,Right_Bank,C,121.92,54,0.733,0.73,0.708,Six-Tenths_Swoffer_01
SSF_16,S29,  2023-05-17,12:00,-9999,Right_Bank,D,182.88,54,0.871,0.857,0.929,Six-Tenths_Swoffer_01
SSF_16,S29,  2023-05-17,12:00,-9999,Right_Bank,E,243.84,54,0.937,0.857,0.892,Six-Tenths_Swoffer_01
SSF_16,S29,  2023-05-17,12:00,-9999,Right_Bank,F,304.8,56,0.966,1.023,1.046,Six-Tenths_Swoffer_01
SSF_16,S29,  2023-05-17,12:00,-9999,Right_Bank,G,365.76,50,1.048,0.998,1.037,Six-Tenths_Swoffer_01
SSF_16,S29,  2023-05-17,12:00,-9999,Right_Bank,H,426.72,54,0.92,0.847,0.884,Six-Tenths_Swoffer_01
SSF_16,S29,  2023-05-17,12:00,-9999,Right_Bank,I,487.68,50,0.781,0.817,0.83,Six-Tenths_Swoffer_01
SSF_16,S29,  2023-05-17,12:00,-9999,Right_Bank,J,538.64,46,0.802,0.914,0.917,Six-Tenths_Swoffer_01
SSF_16,S29,  2023-05-17,12:00,-9999,Right_Bank,K,609.6,48,0.991,0.991,0.985,Six-Tenths_Swoffer_01
SSF_16,S29,  2023-05-17,12:00,-9999,Right_Bank,L,670.56,46,0.863,0.855,0.796,Six-Tenths_Swoffer_01
SSF_16,S29,  2023-05-17,12:00,-9999,Right_Bank,M,731.52,40,0.805,0.839,0.819,Six-Tenths_Swoffer_01
SSF_16,S29,  2023-05-17,12:00,-9999,Right_Bank,N,792.48,44,0.794,0.812,0.711,Six-Tenths_Swoffer_01
SSF_16,S29,  2023-05-17,12:00,-9999,Right_Bank,O,853.44,40,0.665,0.643,0.602,Six-Tenths_Swoffer_01
SSF_16,S29,  2023-05-17,12:00,-9999,Right_Bank,P,914.4,38,0.571,0.594,0.533,Six-Tenths_Swoffer_01
SSF_16,S29,  2023-05-17,12:00,-9999,Right_Bank,Q,975.36,30,0.251,0.168,0.185,Six-Tenths_Swoffer_01
SSF_16,S29,  2023-05-17,12:00,-9999,Right_Bank,R,1036.32,15,0.031,0.017,0.011,Six-Tenths_Swoffer_01
SSF_08,S58,  2023-05-22,13:00,-9999,At_Sensor,A,-9999,100,1.772,1.729,1.653,Two-Tenths_Swoffer_01
SSF_08,S58,  2023-05-22,13:00,-9999,At_Sensor,A,-9999,100,0.964,0.766,0.953,Eight-Tenths_Swoffer_01
SSF_06,T41,  2023-05-22,14:00,-9999,At_Sensor,A,-9999,80,1.481,1.513,1.525,Two-Tenths_Swoffer_01
SSF_06,T41,  2023-05-22,14:00,-9999,At_Sensor,A,-9999,80,0.817,0.874,0.79,Eight-Tenths_Swoffer_01
SSF_07,S50P,  2023-05-22,15:00,-9999,At_Sensor,A,-9999,105,1.657,1.484,1.365,Two-Tenths_Swoffer_01
SSF_07,S50P,  2023-05-22,15:00,-9999,At_Sensor,A,-9999,105,1.015,0.961,1.083,Eight-Tenths_Swoffer_01
SSF_04,S04,  2023-05-22,-9999,-9999,At_Sensor,A,-9999,65,1.756,1.63,1.658,Six-Tenths_Swoffer_01
SSF_03,S10,  2023-05-25,-9999,-9999,At_Sensor,A,-9999,70,1.774,1.657,1.723,Six-Tenths_Swoffer_01
SSF_13,S49R,  2023-07-18,9:30,1,Right_Bank,A,0,4.572,0,0,0,Six-Tenths_Swoffer_01
SSF_13,S49R,  2023-07-18,9:30,1,Right_Bank,B,137.16,13.716,0,0,0,Six-Tenths_Swoffer_01
SSF_13,S49R,  2023-07-18,9:30,1,Right_Bank,C,274.32,24.384,0.065,0.089,0.062,Six-Tenths_Swoffer_01
SSF_13,S49R,  2023-07-18,9:30,1,Right_Bank,D,411.48,21.9456,0.053,0.065,0.044,Six-Tenths_Swoffer_01
SSF_13,S49R,  2023-07-18,9:30,1,Right_Bank,E,548.64,38.1,0.142,0.163,0.15,Six-Tenths_Swoffer_01
SSF_13,S49R,  2023-07-18,9:30,1,Right_Bank,F,685.8,30.48,0.336,0.355,0.359,Six-Tenths_Swoffer_01
SSF_13,S49R,  2023-07-18,9:30,1,Right_Bank,G,822.96,41.148,0.41,0.364,0.37,Six-Tenths_Swoffer_01
SSF_13,S49R,  2023-07-18,9:30,1,Right_Bank,H,960.12,65.532,0.43,0.438,0.418,Six-Tenths_Swoffer_01
SSF_13,S49R,  2023-07-18,9:30,1,Right_Bank,I,1097.28,68.58,0.537,0.473,0.463,Six-Tenths_Swoffer_01
SSF_13,S49R,  2023-07-18,9:30,1,Right_Bank,J,1234.44,76.2,0.721,0.697,0.649,Six-Tenths_Swoffer_01
SSF_13,S49R,  2023-07-18,9:30,1,Right_Bank,K,1371.6,62.484,0.48,0.473,0.455,Six-Tenths_Swoffer_01
SSF_13,S49R,  2023-07-18,9:30,1,Right_Bank,L,1508.76,76.2,0.728,0.729,0.663,Six-Tenths_Swoffer_01
SSF_13,S49R,  2023-07-18,9:30,1,Right_Bank,M,1645.92,68.58,0.655,0.623,0.647,Six-Tenths_Swoffer_01
SSF_13,S49R,  2023-07-18,9:30,1,Right_Bank,N,1783.08,59.436,0.302,0.355,0.335,Six-Tenths_Swoffer_01
SSF_13,S49R,  2023-07-18,9:30,1,Right_Bank,O,1889.76,22.86,0.007,0.007,0.004,Six-Tenths_Swoffer_01
SSF_08,S58,  2023-07-19,15:19,1,Right_Bank,A,0,3.048,0,0,0,Six-Tenths_Swoffer_01
SSF_08,S58,  2023-07-19,15:19,1,Right_Bank,B,250,13.716,0.107,0.111,0.113,Six-Tenths_Swoffer_01
SSF_08,S58,  2023-07-19,15:19,1,Right_Bank,C,500,13.716,0.212,0.232,0.226,Six-Tenths_Swoffer_01
SSF_08,S58,  2023-07-19,15:19,1,Right_Bank,D,750,9.144,0.221,0.256,0.271,Six-Tenths_Swoffer_01
SSF_08,S58,  2023-07-19,15:19,1,Right_Bank,E,1000,19.812,0.285,0.311,0.25,Six-Tenths_Swoffer_01
SSF_08,S58,  2023-07-19,15:19,1,Right_Bank,F,1250,16.764,0.518,0.538,0.563,Six-Tenths_Swoffer_01
SSF_08,S58,  2023-07-19,15:19,1,Right_Bank,G,1500,19.812,0.59,0.561,0.583,Six-Tenths_Swoffer_01
SSF_08,S58,  2023-07-19,15:19,1,Right_Bank,H,1750,33.528,0.567,0.568,0.582,Six-Tenths_Swoffer_01
SSF_08,S58,  2023-07-19,15:19,1,Right_Bank,I,2000,38.1,0.501,0.512,0.605,Six-Tenths_Swoffer_01
SSF_08,S58,  2023-07-19,15:19,1,Right_Bank,J,2250,38.1,1.137,1.119,1.143,Six-Tenths_Swoffer_01
SSF_08,S58,  2023-07-19,15:19,1,Right_Bank,K,2500,35.052,0.687,0.748,0.61,Six-Tenths_Swoffer_01
SSF_08,S58,  2023-07-19,15:19,1,Right_Bank,L,2750,33.528,1.035,1.137,1.018,Six-Tenths_Swoffer_01
SSF_08,S58,  2023-07-19,15:19,1,Right_Bank,M,3000,36.576,1.09,1.019,1.202,Six-Tenths_Swoffer_01
SSF_08,S58,  2023-07-19,15:19,1,Right_Bank,N,3250,53.34,0.802,0.813,0.718,Six-Tenths_Swoffer_01
SSF_08,S58,  2023-07-19,15:19,1,Right_Bank,O,3500,48.768,1.027,1.1,1.12,Six-Tenths_Swoffer_01
SSF_08,S58,  2023-07-19,15:19,1,Right_Bank,P,3750,53.34,1.247,1.248,1.261,Six-Tenths_Swoffer_01
SSF_08,S58,  2023-07-19,15:19,1,Right_Bank,Q,4000,24.384,0.382,0.413,0.384,Six-Tenths_Swoffer_01
SSF_08,S58,  2023-07-19,16:23,6,Right_Bank,A,0,10.668,0,0,0,Six-Tenths_Swoffer_01
SSF_08,S58,  2023-07-19,16:23,6,Right_Bank,B,300,7.62,0.258,0.239,0.232,Six-Tenths_Swoffer_01
SSF_08,S58,  2023-07-19,16:23,6,Right_Bank,C,600,12.192,0.279,0.276,0.281,Six-Tenths_Swoffer_01
SSF_08,S58,  2023-07-19,16:23,6,Right_Bank,D,900,12.192,0.318,0.297,0.302,Six-Tenths_Swoffer_01
SSF_08,S58,  2023-07-19,16:23,6,Right_Bank,E,1200,24.384,0.395,0.431,0.426,Six-Tenths_Swoffer_01
SSF_08,S58,  2023-07-19,16:23,6,Right_Bank,F,1500,21.336,0.705,0.771,0.702,Six-Tenths_Swoffer_01
SSF_08,S58,  2023-07-19,16:23,6,Right_Bank,G,1800,27.432,0.523,0.606,0.592,Six-Tenths_Swoffer_01
SSF_08,S58,  2023-07-19,16:23,6,Right_Bank,H,2100,35.052,0.694,0.673,0.66,Six-Tenths_Swoffer_01
SSF_08,S58,  2023-07-19,16:23,6,Right_Bank,I,2400,45.72,0.771,0.792,0.671,Six-Tenths_Swoffer_01
SSF_08,S58,  2023-07-19,16:23,6,Right_Bank,J,2700,48.768,0.848,0.895,0.831,Six-Tenths_Swoffer_01
SSF_08,S58,  2023-07-19,16:23,6,Right_Bank,K,3000,59.436,0.766,0.703,0.824,Six-Tenths_Swoffer_01
SSF_08,S58,  2023-07-19,16:23,6,Right_Bank,L,3300,60.96,0.966,0.969,0.952,Six-Tenths_Swoffer_01
SSF_08,S58,  2023-07-19,16:23,6,Right_Bank,M,3600,67.056,0.882,0.797,0.877,Six-Tenths_Swoffer_01
SSF_08,S58,  2023-07-19,16:23,6,Right_Bank,N,3900,36.576,0.535,0.518,0.523,Six-Tenths_Swoffer_01
SSF_17,S15,  2023-07-20,8:50,1,Left_Bank,A,0,1.524,0,0,0,Six-Tenths_Swoffer_01
SSF_17,S15,  2023-07-20,8:50,1,Left_Bank,B,22.86,1.524,0.129,0.13,0.054,Six-Tenths_Swoffer_01
SSF_17,S15,  2023-07-20,8:50,1,Left_Bank,C,45.72,6.096,0.385,0.375,0.369,Six-Tenths_Swoffer_01
SSF_17,S15,  2023-07-20,8:50,1,Left_Bank,D,68.58,6.096,0.136,0.118,0.11,Six-Tenths_Swoffer_01
SSF_17,S15,  2023-07-20,8:50,1,Left_Bank,E,91.44,6.096,0.101,0.108,0.106,Six-Tenths_Swoffer_01
SSF_17,S15,  2023-07-20,8:50,1,Left_Bank,F,114.3,7.62,0.39,0.399,0.406,Six-Tenths_Swoffer_01
SSF_17,S15,  2023-07-20,8:50,1,Left_Bank,G,137.16,6.096,0.278,0.288,0.256,Six-Tenths_Swoffer_01
SSF_17,S15,  2023-07-20,8:50,1,Left_Bank,H,160.02,6.096,0.303,0.315,0.335,Six-Tenths_Swoffer_01
SSF_17,S15,  2023-07-20,8:50,1,Left_Bank,I,182.88,3.048,0.524,0.528,0.518,Six-Tenths_Swoffer_01
SSF_17,S15,  2023-07-20,8:50,1,Left_Bank,J,205.74,3.048,0.078,0.08,0.082,Six-Tenths_Swoffer_01
SSF_17,S15,  2023-07-20,8:50,1,Left_Bank,K,228.6,6.096,0.054,0.075,0.064,Six-Tenths_Swoffer_01
SSF_17,S15,  2023-07-20,8:50,1,Left_Bank,L,251.46,3.048,0.085,0.17,0.165,Six-Tenths_Swoffer_01
SSF_17,S15,  2023-07-20,8:50,1,Left_Bank,M,274.32,4.572,0.15,0.153,0.156,Six-Tenths_Swoffer_01
SSF_17,S15,  2023-07-20,8:50,1,Left_Bank,N,297.18,3.048,0.165,0.156,0.13,Six-Tenths_Swoffer_01
SSF_17,S15,  2023-07-20,8:50,1,Left_Bank,O,320.04,7.62,0,0,0,Six-Tenths_Swoffer_01
SSF_17,S15,  2023-07-20,8:50,1,Left_Bank,P,342.9,6.096,0,0,0,Six-Tenths_Swoffer_01
SSF_17,S15,  2023-07-20,10:00,6,Left_Bank,A,0,1.524,0.053,0.072,0.06,Six-Tenths_Swoffer_01
SSF_17,S15,  2023-07-20,10:00,6,Left_Bank,B,22.86,7.62,0.096,0.093,0.07,Six-Tenths_Swoffer_01
SSF_17,S15,  2023-07-20,10:00,6,Left_Bank,C,45.72,16.764,0.137,0.142,0.121,Six-Tenths_Swoffer_01
SSF_17,S15,  2023-07-20,10:00,6,Left_Bank,D,68.58,21.336,0.196,0.178,0.19,Six-Tenths_Swoffer_01
SSF_17,S15,  2023-07-20,10:00,6,Left_Bank,E,91.44,19.812,0.341,0.337,0.338,Six-Tenths_Swoffer_01
SSF_17,S15,  2023-07-20,10:00,6,Left_Bank,F,114.3,22.86,0.187,0.165,0.163,Six-Tenths_Swoffer_01
SSF_17,S15,  2023-07-20,10:00,6,Left_Bank,G,137.16,7.62,0.098,0.089,0.099,Six-Tenths_Swoffer_01
SSF_17,S15,  2023-07-20,10:00,6,Left_Bank,H,160.02,6.096,0.022,0.039,0.043,Six-Tenths_Swoffer_01
SSF_17,S15,  2023-07-20,10:00,6,Left_Bank,I,182.88,6.096,0.084,0.084,0.074,Six-Tenths_Swoffer_01
SSF_17,S15,  2023-07-20,10:00,6,Left_Bank,J,205.74,7.62,0.071,0.072,0.077,Six-Tenths_Swoffer_01
SSF_17,S15,  2023-07-20,10:00,6,Left_Bank,K,228.6,1.524,0.084,0.076,0.064,Six-Tenths_Swoffer_01
SSF_17,S15,  2023-07-20,10:00,6,Left_Bank,L,251.46,0.6096,0,0,0,Six-Tenths_Swoffer_01
SSF_16,S29,  2023-07-20,12:21,1,Left_Bank,A,0,18.288,0.042,0.039,0.042,Six-Tenths_Swoffer_01
SSF_16,S29,  2023-07-20,12:21,1,Left_Bank,B,45.72,15.24,0.142,0.134,0.115,Six-Tenths_Swoffer_01
SSF_16,S29,  2023-07-20,12:21,1,Left_Bank,C,91.44,9.144,0.182,0.164,0.177,Six-Tenths_Swoffer_01
SSF_16,S29,  2023-07-20,12:21,1,Left_Bank,D,137.16,10.668,0.158,0.146,0.203,Six-Tenths_Swoffer_01
SSF_16,S29,  2023-07-20,12:21,1,Left_Bank,E,182.88,15.24,0.195,0.201,0.179,Six-Tenths_Swoffer_01
SSF_16,S29,  2023-07-20,12:21,1,Left_Bank,F,228.6,21.336,0.145,0.214,0.22,Six-Tenths_Swoffer_01
SSF_16,S29,  2023-07-20,12:21,1,Left_Bank,G,274.32,28.956,0.184,0.193,0.182,Six-Tenths_Swoffer_01
SSF_16,S29,  2023-07-20,12:21,1,Left_Bank,H,320.04,30.48,0.261,0.255,0.234,Six-Tenths_Swoffer_01
SSF_16,S29,  2023-07-20,12:21,1,Left_Bank,I,365.76,30.48,0.196,0.191,0.189,Six-Tenths_Swoffer_01
SSF_16,S29,  2023-07-20,12:21,1,Left_Bank,J,411.48,30.48,0.174,0.18,0.159,Six-Tenths_Swoffer_01
SSF_16,S29,  2023-07-20,12:21,1,Left_Bank,K,457.2,32.004,0.24,0.23,0.214,Six-Tenths_Swoffer_01
SSF_16,S29,  2023-07-20,12:21,1,Left_Bank,L,502.92,28.956,0.232,0.234,0.237,Six-Tenths_Swoffer_01
SSF_16,S29,  2023-07-20,12:21,1,Left_Bank,M,548.64,35.052,0.246,0.253,0.271,Six-Tenths_Swoffer_01
SSF_16,S29,  2023-07-20,12:21,1,Left_Bank,N,594.36,32.004,0.243,0.241,0.244,Six-Tenths_Swoffer_01
SSF_16,S29,  2023-07-20,12:21,1,Left_Bank,O,640.08,36.576,0.259,0.232,0.216,Six-Tenths_Swoffer_01
SSF_16,S29,  2023-07-20,12:21,1,Left_Bank,P,685.8,32.004,0.173,0.204,0.182,Six-Tenths_Swoffer_01
SSF_16,S29,  2023-07-20,12:21,1,Left_Bank,Q,731.52,32.004,0.135,0.136,0.131,Six-Tenths_Swoffer_01
SSF_16,S29,  2023-07-20,12:21,1,Left_Bank,R,777.24,24.384,0.116,0.111,0.108,Six-Tenths_Swoffer_01
SSF_16,S29,  2023-07-20,13:16,6,Right_Bank,A,0,4.572,0.277,0.252,0.23,Six-Tenths_Swoffer_01
SSF_16,S29,  2023-07-20,13:16,6,Right_Bank,B,30.48,9.144,0.412,0.419,0.412,Six-Tenths_Swoffer_01
SSF_16,S29,  2023-07-20,13:16,6,Right_Bank,C,60.96,13.716,0.305,0.274,0.263,Six-Tenths_Swoffer_01
SSF_16,S29,  2023-07-20,13:16,6,Right_Bank,D,91.44,7.62,0.201,0.213,0.235,Six-Tenths_Swoffer_01
SSF_16,S29,  2023-07-20,13:16,6,Right_Bank,E,121.92,10.668,0.484,0.458,0.473,Six-Tenths_Swoffer_01
SSF_16,S29,  2023-07-20,13:16,6,Right_Bank,F,152.4,18.288,0.484,0.489,0.522,Six-Tenths_Swoffer_01
SSF_16,S29,  2023-07-20,13:16,6,Right_Bank,G,182.88,21.336,0.863,0.844,0.859,Six-Tenths_Swoffer_01
SSF_16,S29,  2023-07-20,13:16,6,Right_Bank,H,198.12,22.86,0.872,0.85,0.87,Six-Tenths_Swoffer_01
SSF_16,S29,  2023-07-20,13:16,6,Right_Bank,I,213.36,25.908,0.799,0.86,0.865,Six-Tenths_Swoffer_01
SSF_16,S29,  2023-07-20,13:16,6,Right_Bank,J,243.84,19.812,0.567,0.547,0.612,Six-Tenths_Swoffer_01
SSF_16,S29,  2023-07-20,13:16,6,Right_Bank,K,274.32,18.288,0.322,0.419,0.382,Six-Tenths_Swoffer_01
SSF_16,S29,  2023-07-20,13:16,6,Right_Bank,L,304.8,13.716,0.537,0.548,0.554,Six-Tenths_Swoffer_01
SSF_16,S29,  2023-07-20,13:16,6,Right_Bank,M,335.28,7.62,0.444,0.432,0.437,Six-Tenths_Swoffer_01
SSF_16,S29,  2023-07-20,13:16,6,Right_Bank,N,365.76,6.096,0.256,0.337,0.344,Six-Tenths_Swoffer_01
SSF_16,S29,  2023-07-20,13:16,6,Right_Bank,O,396.24,0.9144,0,0,0,Six-Tenths_Swoffer_01
SSF_03,S10,  2023-07-21,8:28,1,Right_Bank,A,0,6.096,0.33,0.334,0.295,Six-Tenths_Swoffer_01
SSF_03,S10,  2023-07-21,8:28,1,Right_Bank,B,45.72,16.764,0.441,0.437,0.432,Six-Tenths_Swoffer_01
SSF_03,S10,  2023-07-21,8:28,1,Right_Bank,C,91.44,13.716,0.434,0.45,0.428,Six-Tenths_Swoffer_01
SSF_03,S10,  2023-07-21,8:28,1,Right_Bank,D,137.16,19.812,0.652,0.681,0.597,Six-Tenths_Swoffer_01
SSF_03,S10,  2023-07-21,8:28,1,Right_Bank,E,213.36,12.192,0.844,0.863,0.852,Six-Tenths_Swoffer_01
SSF_03,S10,  2023-07-21,8:28,1,Right_Bank,F,228.6,24.384,0.791,0.753,0.779,Six-Tenths_Swoffer_01
SSF_03,S10,  2023-07-21,8:28,1,Right_Bank,G,274.32,19.812,0.736,0.792,0.777,Six-Tenths_Swoffer_01
SSF_03,S10,  2023-07-21,8:28,1,Right_Bank,H,320.04,19.812,0.963,0.978,0.939,Six-Tenths_Swoffer_01
SSF_03,S10,  2023-07-21,8:28,1,Right_Bank,I,365.76,30.48,0.455,0.488,0.458,Six-Tenths_Swoffer_01
SSF_03,S10,  2023-07-21,8:28,1,Right_Bank,J,411.48,28.956,0.736,0.681,0.716,Six-Tenths_Swoffer_01
SSF_03,S10,  2023-07-21,8:28,1,Right_Bank,K,457.2,21.336,0.519,0.452,0.532,Six-Tenths_Swoffer_01
SSF_03,S10,  2023-07-21,8:28,1,Right_Bank,L,502.92,27.432,0.402,0.408,0.39,Six-Tenths_Swoffer_01
SSF_03,S10,  2023-07-21,8:28,1,Right_Bank,M,548.64,27.432,0.413,0.415,0.414,Six-Tenths_Swoffer_01
SSF_03,S10,  2023-07-21,8:28,1,Right_Bank,N,594.36,32.004,0.468,0.427,0.433,Six-Tenths_Swoffer_01
SSF_03,S10,  2023-07-21,8:28,1,Right_Bank,O,640.08,39.624,0.537,0.507,0.512,Six-Tenths_Swoffer_01
SSF_03,S10,  2023-07-21,8:28,1,Right_Bank,P,685.8,38.1,0.571,0.592,0.626,Six-Tenths_Swoffer_01
SSF_03,S10,  2023-07-21,8:28,1,Right_Bank,Q,731.52,27.432,0.464,0.393,0.447,Six-Tenths_Swoffer_01
SSF_03,S10,  2023-07-21,9:25,6,Right_Bank,A,0,3.048,0.133,0.141,0.144,Six-Tenths_Swoffer_01
SSF_03,S10,  2023-07-21,9:25,6,Right_Bank,B,76.2,9.144,0.183,0.228,0.142,Six-Tenths_Swoffer_01
SSF_03,S10,  2023-07-21,9:25,6,Right_Bank,C,152.4,6.096,0.272,0.204,0.277,Six-Tenths_Swoffer_01
SSF_03,S10,  2023-07-21,9:25,6,Right_Bank,D,228.6,15.24,0.282,0.287,0.278,Six-Tenths_Swoffer_01
SSF_03,S10,  2023-07-21,9:25,6,Right_Bank,E,304.8,19.812,0.434,0.402,0.462,Six-Tenths_Swoffer_01
SSF_03,S10,  2023-07-21,9:25,6,Right_Bank,F,381,38.1,0.676,0.634,0.616,Six-Tenths_Swoffer_01
SSF_03,S10,  2023-07-21,9:25,6,Right_Bank,G,457.2,32.004,0.537,0.55,0.581,Six-Tenths_Swoffer_01
SSF_03,S10,  2023-07-21,9:25,6,Right_Bank,H,533.4,24.384,0.352,0.359,0.318,Six-Tenths_Swoffer_01
SSF_03,S10,  2023-07-21,9:25,6,Right_Bank,I,609.6,30.48,0.402,0.515,0.437,Six-Tenths_Swoffer_01
SSF_03,S10,  2023-07-21,9:25,6,Right_Bank,J,685.8,27.432,0.72,0.708,0.703,Six-Tenths_Swoffer_01
SSF_03,S10,  2023-07-21,9:25,6,Right_Bank,K,762,28.956,0.531,0.504,0.548,Six-Tenths_Swoffer_01
SSF_03,S10,  2023-07-21,9:25,6,Right_Bank,L,838.2,36.576,0.741,0.695,0.655,Six-Tenths_Swoffer_01
SSF_03,S10,  2023-07-21,9:25,6,Right_Bank,M,914.4,27.432,0.559,0.541,0.559,Six-Tenths_Swoffer_01
SSF_03,S10,  2023-07-21,9:25,6,Right_Bank,N,990.6,18.288,0.2,0.233,0.232,Six-Tenths_Swoffer_01
SSF_03,S10,  2023-07-21,9:25,6,Right_Bank,O,1066.8,22.86,0.29,0.248,0.27,Six-Tenths_Swoffer_01
SSF_03,S10,  2023-07-21,9:25,6,Right_Bank,P,1127.76,10.668,0.297,0.281,0.268,Six-Tenths_Swoffer_01
SSF_04,S04,  2023-07-21,10:50,1,Left_Bank,A,0,1.524,0,0,0,Six-Tenths_Swoffer_01
SSF_04,S04,  2023-07-21,10:50,1,Left_Bank,B,30.48,7.62,0.081,0.07,0.06,Six-Tenths_Swoffer_01
SSF_04,S04,  2023-07-21,10:50,1,Left_Bank,C,60.96,7.62,0.342,0.363,0.369,Six-Tenths_Swoffer_01
SSF_04,S04,  2023-07-21,10:50,1,Left_Bank,D,91.44,6.096,0.466,0.534,0.525,Six-Tenths_Swoffer_01
SSF_04,S04,  2023-07-21,10:50,1,Left_Bank,E,121.92,15.24,0.308,0.303,0.3,Six-Tenths_Swoffer_01
SSF_04,S04,  2023-07-21,10:50,1,Left_Bank,F,152.4,15.24,0.257,0.275,0.271,Six-Tenths_Swoffer_01
SSF_04,S04,  2023-07-21,10:50,1,Left_Bank,G,182.88,19.812,0.317,0.255,0.232,Six-Tenths_Swoffer_01
SSF_04,S04,  2023-07-21,10:50,1,Left_Bank,H,213.36,25.908,1.037,1.024,1.056,Six-Tenths_Swoffer_01
SSF_04,S04,  2023-07-21,10:50,1,Left_Bank,I,243.84,27.432,0.643,0.637,0.639,Six-Tenths_Swoffer_01
SSF_04,S04,  2023-07-21,10:50,1,Left_Bank,J,274.32,24.384,0.627,0.631,0.642,Six-Tenths_Swoffer_01
SSF_04,S04,  2023-07-21,10:50,1,Left_Bank,K,304.8,25.908,0.943,0.91,0.941,Six-Tenths_Swoffer_01
SSF_04,S04,  2023-07-21,10:50,1,Left_Bank,L,335.28,18.288,0.818,0.874,0.9,Six-Tenths_Swoffer_01
SSF_04,S04,  2023-07-21,10:50,1,Left_Bank,M,365.76,24.384,0.417,0.424,0.394,Six-Tenths_Swoffer_01
SSF_04,S04,  2023-07-21,10:50,1,Left_Bank,N,396.24,21.336,0.576,0.568,0.568,Six-Tenths_Swoffer_01
SSF_04,S04,  2023-07-21,10:50,1,Left_Bank,O,426.72,12.192,0.534,0.568,0.574,Six-Tenths_Swoffer_01
SSF_04,S04,  2023-07-21,10:50,1,Left_Bank,P,487.68,7.62,0.382,0.362,0.397,Six-Tenths_Swoffer_01
SSF_04,S04,  2023-07-21,10:50,1,Left_Bank,Q,518.16,6.096,0.239,0.216,0.198,Six-Tenths_Swoffer_01
SSF_04,S04,  2023-07-21,10:50,1,Left_Bank,R,548.64,4.572,0.23,0.237,0.211,Six-Tenths_Swoffer_01
SSF_04,S04,  2023-07-21,11:35,6,Right_Bank,A,0,1.524,0.416,0.466,0.445,Six-Tenths_Swoffer_01
SSF_04,S04,  2023-07-21,11:35,6,Right_Bank,B,45.72,10.668,0.389,0.394,0.403,Six-Tenths_Swoffer_01
SSF_04,S04,  2023-07-21,11:35,6,Right_Bank,C,91.44,10.668,0.339,0.347,0.359,Six-Tenths_Swoffer_01
SSF_04,S04,  2023-07-21,11:35,6,Right_Bank,D,137.16,18.288,0.389,0.377,0.383,Six-Tenths_Swoffer_01
SSF_04,S04,  2023-07-21,11:35,6,Right_Bank,E,182.88,15.24,0.371,0.391,0.375,Six-Tenths_Swoffer_01
SSF_04,S04,  2023-07-21,11:35,6,Right_Bank,F,228.6,12.192,0.464,0.5,0.484,Six-Tenths_Swoffer_01
SSF_04,S04,  2023-07-21,11:35,6,Right_Bank,G,274.32,15.24,0.456,0.479,0.473,Six-Tenths_Swoffer_01
SSF_04,S04,  2023-07-21,11:35,6,Right_Bank,H,320.04,10.668,0.508,0.523,0.503,Six-Tenths_Swoffer_01
SSF_04,S04,  2023-07-21,11:35,6,Right_Bank,I,365.76,13.716,0.403,0.353,0.368,Six-Tenths_Swoffer_01
SSF_04,S04,  2023-07-21,11:35,6,Right_Bank,J,411.48,13.716,0.3,0.306,0.249,Six-Tenths_Swoffer_01
SSF_04,S04,  2023-07-21,11:35,6,Right_Bank,K,457.2,19.812,0.452,0.466,0.464,Six-Tenths_Swoffer_01
SSF_04,S04,  2023-07-21,11:35,6,Right_Bank,L,502.92,21.336,0.635,0.652,0.607,Six-Tenths_Swoffer_01
SSF_04,S04,  2023-07-21,11:35,6,Right_Bank,M,548.64,18.288,0.55,0.553,0.549,Six-Tenths_Swoffer_01
SSF_04,S04,  2023-07-21,11:35,6,Right_Bank,N,594.36,13.716,0.418,0.431,0.414,Six-Tenths_Swoffer_01
SSF_04,S04,  2023-07-21,11:35,6,Right_Bank,O,640.08,19.812,0.426,0.441,0.436,Six-Tenths_Swoffer_01
SSF_04,S04,  2023-07-21,11:35,6,Right_Bank,P,685.8,1.524,0.121,0.098,0.094,Six-Tenths_Swoffer_01
SSF_11,S03,  2023-07-24,7:49,1,Right_Bank,A,0,1.524,0,0,0,Six-Tenths_Swoffer_01
SSF_11,S03,  2023-07-24,7:49,1,Right_Bank,B,30.48,3.048,0,0,0,Six-Tenths_Swoffer_01
SSF_11,S03,  2023-07-24,7:49,1,Right_Bank,C,60.96,9.144,0.083,0.101,0.096,Six-Tenths_Swoffer_01
SSF_11,S03,  2023-07-24,7:49,1,Right_Bank,D,91.44,7.62,0.136,0.149,0.126,Six-Tenths_Swoffer_01
SSF_11,S03,  2023-07-24,7:49,1,Right_Bank,E,121.92,15.24,0.217,0.211,0.211,Six-Tenths_Swoffer_01
SSF_11,S03,  2023-07-24,7:49,1,Right_Bank,F,152.4,16.764,0.083,0.094,0.088,Six-Tenths_Swoffer_01
SSF_11,S03,  2023-07-24,7:49,1,Right_Bank,G,182.88,13.716,0.245,0.267,0.258,Six-Tenths_Swoffer_01
SSF_11,S03,  2023-07-24,7:49,1,Right_Bank,H,213.36,15.24,0.231,0.239,0.269,Six-Tenths_Swoffer_01
SSF_11,S03,  2023-07-24,7:49,1,Right_Bank,I,243.84,13.716,0.259,0.271,0.266,Six-Tenths_Swoffer_01
SSF_11,S03,  2023-07-24,7:49,1,Right_Bank,J,274.32,16.764,0.269,0.26,0.265,Six-Tenths_Swoffer_01
SSF_11,S03,  2023-07-24,7:49,1,Right_Bank,K,304.8,10.668,0.354,0.351,0.351,Six-Tenths_Swoffer_01
SSF_11,S03,  2023-07-24,7:49,1,Right_Bank,L,335.28,10.668,0.237,0.244,0.246,Six-Tenths_Swoffer_01
SSF_11,S03,  2023-07-24,7:49,1,Right_Bank,M,365.76,7.62,0.373,0.382,0.376,Six-Tenths_Swoffer_01
SSF_11,S03,  2023-07-24,7:49,1,Right_Bank,N,396.24,3.048,0.15,0.155,0.153,Six-Tenths_Swoffer_01
SSF_11,S03,  2023-07-24,7:49,1,Right_Bank,O,426.72,1.524,0.111,0.111,0.109,Six-Tenths_Swoffer_01
SSF_11,S03,  2023-07-24,7:49,1,Right_Bank,P,441.96,1.524,0.098,0.089,0.093,Six-Tenths_Swoffer_01
SSF_11,S03,  2023-07-24,8:56,7,Right_Bank,A,0,1.524,0.12,0.133,0.132,Six-Tenths_Swoffer_01
SSF_11,S03,  2023-07-24,8:56,7,Right_Bank,B,15.24,3.048,0.044,0.063,0.057,Six-Tenths_Swoffer_01
SSF_11,S03,  2023-07-24,8:56,7,Right_Bank,C,45.72,9.144,0.227,0.238,0.241,Six-Tenths_Swoffer_01
SSF_11,S03,  2023-07-24,8:56,7,Right_Bank,D,60.96,7.62,0.21,0.158,0.21,Six-Tenths_Swoffer_01
SSF_11,S03,  2023-07-24,8:56,7,Right_Bank,E,76.2,15.24,0.356,0.358,0.338,Six-Tenths_Swoffer_01
SSF_11,S03,  2023-07-24,8:56,7,Right_Bank,F,91.44,16.764,0.445,0.447,0.444,Six-Tenths_Swoffer_01
SSF_11,S03,  2023-07-24,8:56,7,Right_Bank,G,106.68,13.716,0.497,0.478,0.501,Six-Tenths_Swoffer_01
SSF_11,S03,  2023-07-24,8:56,7,Right_Bank,H,121.92,15.24,0.321,0.308,0.332,Six-Tenths_Swoffer_01
SSF_11,S03,  2023-07-24,8:56,7,Right_Bank,I,137.16,13.716,0.469,0.451,0.465,Six-Tenths_Swoffer_01
SSF_11,S03,  2023-07-24,8:56,7,Right_Bank,J,152.4,16.764,0.455,0.448,0.453,Six-Tenths_Swoffer_01
SSF_11,S03,  2023-07-24,8:56,7,Right_Bank,K,167.64,10.668,0.221,0.194,0.215,Six-Tenths_Swoffer_01
SSF_11,S03,  2023-07-24,8:56,7,Right_Bank,L,182.88,10.668,0.497,0.501,0.505,Six-Tenths_Swoffer_01
SSF_11,S03,  2023-07-24,8:56,7,Right_Bank,M,198.12,7.62,0.428,0.44,0.421,Six-Tenths_Swoffer_01
SSF_11,S03,  2023-07-24,8:56,7,Right_Bank,N,213.36,3.048,0.447,0.452,0.481,Six-Tenths_Swoffer_01
SSF_11,S03,  2023-07-24,8:56,7,Right_Bank,O,228.6,1.524,0.269,0.271,0.282,Six-Tenths_Swoffer_01
SSF_11,S03,  2023-07-24,8:56,7,Right_Bank,P,243.84,3.048,0.162,0.163,0.157,Six-Tenths_Swoffer_01
SSF_11,S03,  2023-07-24,8:56,7,Right_Bank,Q,259.08,1.524,0,0,0,Six-Tenths_Swoffer_01
SSF_10,S08,  2023-07-24,10:05,1,Left_Bank,A,0,1.524,0,0,0,Six-Tenths_Swoffer_01
SSF_10,S08,  2023-07-24,10:05,1,Left_Bank,B,60.96,4.572,0,0,0,Six-Tenths_Swoffer_01
SSF_10,S08,  2023-07-24,10:05,1,Left_Bank,C,121.92,4.572,0,0,0,Six-Tenths_Swoffer_01
SSF_10,S08,  2023-07-24,10:05,1,Left_Bank,D,182.88,3.048,0,0,0,Six-Tenths_Swoffer_01
SSF_10,S08,  2023-07-24,10:05,1,Left_Bank,E,243.84,9.144,0,0,0,Six-Tenths_Swoffer_01
SSF_10,S08,  2023-07-24,10:05,1,Left_Bank,F,304.8,13.716,0.011,0.043,0.021,Six-Tenths_Swoffer_01
SSF_10,S08,  2023-07-24,10:05,1,Left_Bank,G,365.76,22.86,0.073,0.078,0.059,Six-Tenths_Swoffer_01
SSF_10,S08,  2023-07-24,10:05,1,Left_Bank,H,426.72,28.956,0.111,0.108,0.096,Six-Tenths_Swoffer_01
SSF_10,S08,  2023-07-24,10:05,1,Left_Bank,I,487.68,35.052,0.137,0.13,0.134,Six-Tenths_Swoffer_01
SSF_10,S08,  2023-07-24,10:05,1,Left_Bank,J,548.64,45.72,0.132,0.124,0.132,Six-Tenths_Swoffer_01
SSF_10,S08,  2023-07-24,10:05,1,Left_Bank,K,609.6,39.624,0.177,0.185,0.193,Six-Tenths_Swoffer_01
SSF_10,S08,  2023-07-24,10:05,1,Left_Bank,L,670.56,35.052,0.198,0.148,0.125,Six-Tenths_Swoffer_01
SSF_10,S08,  2023-07-24,10:05,1,Left_Bank,M,731.52,38.1,0.211,0.206,0.219,Six-Tenths_Swoffer_01
SSF_10,S08,  2023-07-24,10:05,1,Left_Bank,N,792.48,41.148,0.118,0.161,0.119,Six-Tenths_Swoffer_01
SSF_10,S08,  2023-07-24,10:05,1,Left_Bank,O,853.44,42.672,0.146,0.147,0.169,Six-Tenths_Swoffer_01
SSF_10,S08,  2023-07-24,10:05,1,Left_Bank,P,914.4,30.48,0.143,0.179,0.179,Six-Tenths_Swoffer_01
SSF_10,S08,  2023-07-24,10:05,1,Left_Bank,Q,975.36,41.148,0.186,0.128,0.129,Six-Tenths_Swoffer_01
SSF_10,S08,  2023-07-24,10:05,1,Left_Bank,R,1036.32,39.624,0.095,0.108,0.1,Six-Tenths_Swoffer_01
SSF_10,S08,  2023-07-24,10:05,1,Left_Bank,S,1097.28,44.196,0.038,0.037,0.062,Six-Tenths_Swoffer_01
SSF_10,S08,  2023-07-24,10:05,1,Left_Bank,T,1158.24,25.908,0,0,0,Six-Tenths_Swoffer_01
SSF_10,S08,  2023-07-24,10:55,6,Right_Bank,A,0,1.524,0,0,0,Six-Tenths_Swoffer_01
SSF_10,S08,  2023-07-24,10:55,6,Right_Bank,B,60.96,9.144,0.089,0.09,0.097,Six-Tenths_Swoffer_01
SSF_10,S08,  2023-07-24,10:55,6,Right_Bank,C,91.44,10.668,0.093,0.187,0.112,Six-Tenths_Swoffer_01
SSF_10,S08,  2023-07-24,10:55,6,Right_Bank,D,121.92,12.192,0.246,0.21,0.177,Six-Tenths_Swoffer_01
SSF_10,S08,  2023-07-24,10:55,6,Right_Bank,E,152.4,15.24,0.323,0.323,0.402,Six-Tenths_Swoffer_01
SSF_10,S08,  2023-07-24,10:55,6,Right_Bank,F,182.88,21.336,0.558,0.62,0.692,Six-Tenths_Swoffer_01
SSF_10,S08,  2023-07-24,10:55,6,Right_Bank,G,213.36,28.956,0.616,0.716,0.557,Six-Tenths_Swoffer_01
SSF_10,S08,  2023-07-24,10:55,6,Right_Bank,H,243.84,41.148,0.763,0.76,0.79,Six-Tenths_Swoffer_01
SSF_10,S08,  2023-07-24,10:55,6,Right_Bank,I,274.32,38.1,0.492,0.5,0.505,Six-Tenths_Swoffer_01
SSF_10,S08,  2023-07-24,10:55,6,Right_Bank,J,304.8,47.244,0.303,0.246,0.335,Six-Tenths_Swoffer_01
SSF_10,S08,  2023-07-24,10:55,6,Right_Bank,K,335.28,56.388,0.047,0.086,0.032,Six-Tenths_Swoffer_01
SSF_10,S08,  2023-07-24,10:55,6,Right_Bank,L,365.76,64.008,0.035,0.009,0.009,Six-Tenths_Swoffer_01
SSF_10,S08,  2023-07-24,10:55,6,Right_Bank,M,426.72,56.388,0.039,0.041,0.048,Six-Tenths_Swoffer_01
SSF_10,S08,  2023-07-24,10:55,6,Right_Bank,N,487.68,36.576,0.052,0.046,0.084,Six-Tenths_Swoffer_01
SSF_10,S08,  2023-07-24,10:55,6,Right_Bank,O,548.64,6.096,0,0,0,Six-Tenths_Swoffer_01
SSF_06,T41,  2023-07-24,13:03,1,Left_Bank,A,0,3.048,0,0,0,Six-Tenths_Swoffer_01
SSF_06,T41,  2023-07-24,13:03,1,Left_Bank,B,100,30.48,0.097,0.109,0.1,Six-Tenths_Swoffer_01
SSF_06,T41,  2023-07-24,13:03,1,Left_Bank,C,200,57.912,0.33,0.351,0.374,Six-Tenths_Swoffer_01
SSF_06,T41,  2023-07-24,13:03,1,Left_Bank,D,300,91.44,0.768,0.559,0.613,Two-Tenths_Swoffer_01
SSF_06,T41,  2023-07-24,13:03,1,Left_Bank,D,300,91.44,0.568,0.279,0.323,Eight-Tenths_Swoffer_01
SSF_06,T41,  2023-07-24,13:03,1,Left_Bank,E,400,100.584,0.833,0.714,0.702,Two-Tenths_Swoffer_01
SSF_06,T41,  2023-07-24,13:03,1,Left_Bank,E,400,100.584,0.265,0.223,0.239,Eight-Tenths_Swoffer_01
SSF_06,T41,  2023-07-24,13:44,6,Right_Bank,A,0,3.048,0,0,0,Six-Tenths_Swoffer_01
SSF_06,T41,  2023-07-24,13:44,6,Right_Bank,B,300,18.288,0.127,0.143,0.132,Six-Tenths_Swoffer_01
SSF_06,T41,  2023-07-24,13:44,6,Right_Bank,C,600,28.956,0.287,0.265,0.25,Six-Tenths_Swoffer_01
SSF_06,T41,  2023-07-24,13:44,6,Right_Bank,D,900,33.528,0.57,0.571,0.597,Six-Tenths_Swoffer_01
SSF_06,T41,  2023-07-24,13:44,6,Right_Bank,E,1200,35.052,0.721,0.698,0.751,Six-Tenths_Swoffer_01
SSF_06,T41,  2023-07-24,13:44,6,Right_Bank,F,1500,39.624,0.705,0.694,0.687,Six-Tenths_Swoffer_01
SSF_06,T41,  2023-07-24,13:44,6,Right_Bank,G,1800,41.148,0.632,0.69,0.694,Six-Tenths_Swoffer_01
SSF_06,T41,  2023-07-24,13:44,6,Right_Bank,H,2100,30.48,0.745,0.767,0.811,Six-Tenths_Swoffer_01
SSF_06,T41,  2023-07-24,13:44,6,Right_Bank,I,2400,32.004,0.668,0.652,0.673,Six-Tenths_Swoffer_01
SSF_06,T41,  2023-07-24,13:44,6,Right_Bank,J,2700,36.576,0.734,0.644,0.603,Six-Tenths_Swoffer_01
SSF_06,T41,  2023-07-24,13:44,6,Right_Bank,K,3000,50.292,0.483,0.561,0.452,Six-Tenths_Swoffer_01
SSF_06,T41,  2023-07-24,13:44,6,Right_Bank,L,3300,47.244,0.656,0.702,0.605,Six-Tenths_Swoffer_01
SSF_06,T41,  2023-07-24,13:44,6,Right_Bank,M,3600,54.864,0.68,0.758,0.705,Six-Tenths_Swoffer_01
SSF_06,T41,  2023-07-24,13:44,6,Right_Bank,N,4000,22.86,0.367,0.323,0.34,Six-Tenths_Swoffer_01
SSF_12,S54,  2023-07-24,7:24,1,Right_Bank,A,0,6.096,0,0,0,Six-Tenths_Swoffer_01
SSF_12,S54,  2023-07-24,7:24,1,Right_Bank,B,150,33.528,0.263,0.276,0.251,Six-Tenths_Swoffer_01
SSF_12,S54,  2023-07-24,7:24,1,Right_Bank,C,300,35.052,0.414,0.402,0.447,Six-Tenths_Swoffer_01
SSF_12,S54,  2023-07-24,7:24,1,Right_Bank,D,450,38.1,0.555,0.609,0.587,Six-Tenths_Swoffer_01
SSF_12,S54,  2023-07-24,7:24,1,Right_Bank,E,600,35.052,0.645,0.58,0.626,Six-Tenths_Swoffer_01
SSF_12,S54,  2023-07-24,7:24,1,Right_Bank,F,750,38.1,0.608,0.604,0.628,Six-Tenths_Swoffer_01
SSF_12,S54,  2023-07-24,7:24,1,Right_Bank,G,900,48.768,0.864,0.829,0.824,Six-Tenths_Swoffer_01
SSF_12,S54,  2023-07-24,7:24,1,Right_Bank,H,1050,59.436,0.942,0.889,0.864,Six-Tenths_Swoffer_01
SSF_12,S54,  2023-07-24,7:24,1,Right_Bank,I,1150,47.244,0.923,0.986,0.976,Six-Tenths_Swoffer_01
SSF_12,S54,  2023-07-24,7:24,1,Right_Bank,J,1250,45.72,0.883,0.852,0.846,Six-Tenths_Swoffer_01
SSF_12,S54,  2023-07-24,7:24,1,Right_Bank,K,1400,38.1,0.848,0.82,0.855,Six-Tenths_Swoffer_01
SSF_12,S54,  2023-07-24,7:24,1,Right_Bank,L,1550,42.672,0.551,0.527,0.576,Six-Tenths_Swoffer_01
SSF_12,S54,  2023-07-24,7:24,1,Right_Bank,M,1700,27.432,0.73,0.731,0.731,Six-Tenths_Swoffer_01
SSF_12,S54,  2023-07-24,7:24,1,Right_Bank,N,1850,36.576,0.259,0.261,0.255,Six-Tenths_Swoffer_01
SSF_12,S54,  2023-07-24,7:24,1,Right_Bank,O,2000,36.576,0.253,0.171,0.259,Six-Tenths_Swoffer_01
SSF_12,S54,  2023-07-24,7:24,1,Right_Bank,P,2150,24.384,0.463,0.465,0.447,Six-Tenths_Swoffer_01
SSF_12,S54,  2023-07-24,8:34,6,Right_Bank,A,0,9.144,0.384,0.383,0.356,Six-Tenths_Swoffer_01
SSF_12,S54,  2023-07-24,8:34,6,Right_Bank,B,150,44.196,0.838,0.726,0.61,Six-Tenths_Swoffer_01
SSF_12,S54,  2023-07-24,8:34,6,Right_Bank,C,300,53.34,1.263,1.202,1.162,Six-Tenths_Swoffer_01
SSF_12,S54,  2023-07-24,8:34,6,Right_Bank,D,400,57.912,1.098,1.22,1.158,Six-Tenths_Swoffer_01
SSF_12,S54,  2023-07-24,8:34,6,Right_Bank,E,650,53.34,0.499,0.373,0.416,Six-Tenths_Swoffer_01
SSF_12,S54,  2023-07-24,8:34,6,Right_Bank,F,800,41.148,0.827,0.873,0.945,Six-Tenths_Swoffer_01
SSF_12,S54,  2023-07-24,8:34,6,Right_Bank,G,950,47.244,1.052,0.998,0.992,Six-Tenths_Swoffer_01
SSF_12,S54,  2023-07-24,8:34,6,Right_Bank,H,1050,51.816,0.78,0.789,0.753,Six-Tenths_Swoffer_01
SSF_12,S54,  2023-07-24,8:34,6,Right_Bank,I,1150,51.816,0.98,0.876,0.827,Six-Tenths_Swoffer_01
SSF_12,S54,  2023-07-24,8:34,6,Right_Bank,J,1350,27.432,0.625,0.559,0.625,Six-Tenths_Swoffer_01
SSF_12,S54,  2023-07-24,8:34,6,Right_Bank,K,1500,47.244,0.624,0.618,0.626,Six-Tenths_Swoffer_01
SSF_12,S54,  2023-07-24,8:34,6,Right_Bank,L,1600,44.196,0.324,0.317,0.356,Six-Tenths_Swoffer_01
SSF_12,S54,  2023-07-24,8:34,6,Right_Bank,M,1700,44.196,0.36,0.412,0.375,Six-Tenths_Swoffer_01
SSF_12,S54,  2023-07-24,8:34,6,Right_Bank,N,1800,19.812,0.89,0.781,0.86,Six-Tenths_Swoffer_01
SSF_12,S54,  2023-07-24,8:34,6,Right_Bank,O,1900,30.48,0.695,0.724,0.71,Six-Tenths_Swoffer_01
SSF_12,S54,  2023-07-24,8:34,6,Right_Bank,P,2000,24.384,0.41,0.423,0.408,Six-Tenths_Swoffer_01
SSF_14,S47R,  2023-07-25,10:21,1,Right_Bank,A,0,1.524,0,0,0,Six-Tenths_Swoffer_01
SSF_14,S47R,  2023-07-25,10:21,1,Right_Bank,B,91.44,10.668,0.093,0.085,0.007,Six-Tenths_Swoffer_01
SSF_14,S47R,  2023-07-25,10:21,1,Right_Bank,C,182.88,19.812,0.157,0.213,0.148,Six-Tenths_Swoffer_01
SSF_14,S47R,  2023-07-25,10:21,1,Right_Bank,D,274.32,30.48,0.408,0.273,0.315,Six-Tenths_Swoffer_01
SSF_14,S47R,  2023-07-25,10:21,1,Right_Bank,E,365.76,42.672,0.508,0.371,0.475,Six-Tenths_Swoffer_01
SSF_14,S47R,  2023-07-25,10:21,1,Right_Bank,F,457.2,51.816,0.437,0.465,0.447,Six-Tenths_Swoffer_01
SSF_14,S47R,  2023-07-25,10:21,1,Right_Bank,G,548.64,56.388,0.606,0.529,0.582,Six-Tenths_Swoffer_01
SSF_14,S47R,  2023-07-25,10:21,1,Right_Bank,H,640.08,59.436,0.603,0.634,0.702,Six-Tenths_Swoffer_01
SSF_14,S47R,  2023-07-25,10:21,1,Right_Bank,I,731.52,59.436,0.664,0.694,0.623,Six-Tenths_Swoffer_01
SSF_14,S47R,  2023-07-25,10:21,1,Right_Bank,J,822.96,53.34,0.673,0.652,0.695,Six-Tenths_Swoffer_01
SSF_14,S47R,  2023-07-25,10:21,1,Right_Bank,K,914.4,50.292,0.609,0.545,0.637,Six-Tenths_Swoffer_01
SSF_14,S47R,  2023-07-25,10:21,1,Right_Bank,L,1005.84,42.672,0.44,0.413,0.444,Six-Tenths_Swoffer_01
SSF_14,S47R,  2023-07-25,10:21,1,Right_Bank,M,1097.28,36.576,0.453,0.324,0.411,Six-Tenths_Swoffer_01
SSF_14,S47R,  2023-07-25,10:21,1,Right_Bank,N,1188.72,27.432,0.318,0.31,0.307,Six-Tenths_Swoffer_01
SSF_14,S47R,  2023-07-25,10:21,1,Right_Bank,O,1249.68,22.86,0.269,0.252,0.313,Six-Tenths_Swoffer_01
SSF_14,S47R,  2023-07-25,10:21,1,Right_Bank,P,1341.12,21.336,0.31,0.301,0.284,Six-Tenths_Swoffer_01
SSF_14,S47R,  2023-07-25,10:21,1,Right_Bank,Q,1432.56,10.668,0.127,0.094,0.127,Six-Tenths_Swoffer_01
SSF_14,S47R,  2023-07-25,10:21,1,Right_Bank,R,1524,0,0,0,0,Six-Tenths_Swoffer_01
SSF_14,S47R,  2023-07-25,11:04,6,Right_Bank,A,0,1.524,0,0,0,Six-Tenths_Swoffer_01
SSF_14,S47R,  2023-07-25,11:04,6,Right_Bank,B,76.2,4.572,0.364,0.353,0.366,Six-Tenths_Swoffer_01
SSF_14,S47R,  2023-07-25,11:04,6,Right_Bank,C,152.4,10.668,0.581,0.61,0.605,Six-Tenths_Swoffer_01
SSF_14,S47R,  2023-07-25,11:04,6,Right_Bank,D,228.6,25.908,0.513,0.587,0.522,Six-Tenths_Swoffer_01
SSF_14,S47R,  2023-07-25,11:04,6,Right_Bank,E,304.8,30.48,0.428,0.425,0.46,Six-Tenths_Swoffer_01
SSF_14,S47R,  2023-07-25,11:04,6,Right_Bank,F,381,32.004,0.711,0.871,0.819,Six-Tenths_Swoffer_01
SSF_14,S47R,  2023-07-25,11:04,6,Right_Bank,G,457.2,45.72,0.598,0.579,0.563,Six-Tenths_Swoffer_01
SSF_14,S47R,  2023-07-25,11:04,6,Right_Bank,H,533.4,60.96,0.74,0.718,0.684,Six-Tenths_Swoffer_01
SSF_14,S47R,  2023-07-25,11:04,6,Right_Bank,I,609.6,64.008,0.797,0.763,0.716,Six-Tenths_Swoffer_01
SSF_14,S47R,  2023-07-25,11:04,6,Right_Bank,J,685.8,71.628,0.714,0.739,0.652,Six-Tenths_Swoffer_01
SSF_14,S47R,  2023-07-25,11:04,6,Right_Bank,K,762,79.248,0.719,0.698,0.656,Two-Tenths_Swoffer_01
SSF_14,S47R,  2023-07-25,11:04,6,Right_Bank,K,762,79.248,0.449,0.476,0.435,Eight-Tenths_Swoffer_01
SSF_14,S47R,  2023-07-25,11:04,6,Right_Bank,L,838.2,64.008,0.48,0.441,0.52,Six-Tenths_Swoffer_01
SSF_14,S47R,  2023-07-25,11:04,6,Right_Bank,M,914.4,57.912,0.317,0.326,0.352,Six-Tenths_Swoffer_01
SSF_14,S47R,  2023-07-25,11:04,6,Right_Bank,N,990.6,36.576,0.362,0.348,0.334,Six-Tenths_Swoffer_01
SSF_14,S47R,  2023-07-25,11:04,6,Right_Bank,O,1066.8,18.288,0.203,0.215,0.211,Six-Tenths_Swoffer_01
SSF_14,S47R,  2023-07-25,11:04,6,Right_Bank,P,1127.76,10.668,0.198,0.135,0.165,Six-Tenths_Swoffer_01
SSF_15,T05P,  2023-07-26,8:18,1,Left_Bank,A,0,3.048,0,0,0,Six-Tenths_Swoffer_01
SSF_15,T05P,  2023-07-26,8:18,1,Left_Bank,B,91.44,39.624,0.063,0.077,0.026,Six-Tenths_Swoffer_01
SSF_15,T05P,  2023-07-26,8:18,1,Left_Bank,C,182.88,64.008,0.09,0.118,0.038,Six-Tenths_Swoffer_01
SSF_15,T05P,  2023-07-26,8:18,1,Left_Bank,D,274.32,82.296,0.217,0.205,0.175,Two-Tenths_Swoffer_01
SSF_15,T05P,  2023-07-26,8:18,1,Left_Bank,D,274.32,82.296,0.17,0.193,0.162,Eight-Tenths_Swoffer_01
SSF_15,T05P,  2023-07-26,8:18,1,Left_Bank,E,365.76,83.82,0.258,0.242,0.271,Two-Tenths_Swoffer_01
SSF_15,T05P,  2023-07-26,8:18,1,Left_Bank,E,365.76,83.82,0.194,0.18,0.217,Eight-Tenths_Swoffer_01
SSF_15,T05P,  2023-07-26,8:18,1,Left_Bank,F,457.2,67.056,0.185,0.175,0.199,Six-Tenths_Swoffer_01
SSF_15,T05P,  2023-07-26,8:18,1,Left_Bank,G,548.64,65.532,0.207,0.232,0.152,Six-Tenths_Swoffer_01
SSF_15,T05P,  2023-07-26,8:18,1,Left_Bank,H,640.08,60.96,0.224,0.192,0.212,Six-Tenths_Swoffer_01
SSF_15,T05P,  2023-07-26,8:18,1,Left_Bank,I,731.52,60.96,0.166,0.179,0.219,Six-Tenths_Swoffer_01
SSF_15,T05P,  2023-07-26,8:18,1,Left_Bank,J,822.96,50.292,0.177,0.199,0.199,Six-Tenths_Swoffer_01
SSF_15,T05P,  2023-07-26,8:18,1,Left_Bank,K,914.4,41.148,0.135,0.122,0.156,Six-Tenths_Swoffer_01
SSF_15,T05P,  2023-07-26,8:18,1,Left_Bank,L,1005.84,25.908,0.061,0.089,0.086,Six-Tenths_Swoffer_01
SSF_15,T05P,  2023-07-26,8:18,1,Left_Bank,M,1097.28,19.812,0.125,0.13,0.119,Six-Tenths_Swoffer_01
SSF_15,T05P,  2023-07-26,8:18,1,Left_Bank,N,1188.72,12.192,0.069,0.066,0.07,Six-Tenths_Swoffer_01
SSF_15,T05P,  2023-07-26,8:18,1,Left_Bank,O,1280.16,12.192,0.018,0.004,0.003,Six-Tenths_Swoffer_01
SSF_15,T05P,  2023-07-26,8:18,1,Left_Bank,P,1371.6,9.144,0.043,0.014,0.034,Six-Tenths_Swoffer_01
SSF_15,T05P,  2023-07-26,8:18,1,Left_Bank,Q,1584.96,3.048,0.045,0.046,0.045,Six-Tenths_Swoffer_01
SSF_15,T05P,  2023-07-26,9:11,6,Right_Bank,A,0,0.3048,0.193,0.248,0.253,Six-Tenths_Swoffer_01
SSF_15,T05P,  2023-07-26,9:11,6,Right_Bank,B,60.96,6.096,0.097,0.11,0.109,Six-Tenths_Swoffer_01
SSF_15,T05P,  2023-07-26,9:11,6,Right_Bank,C,121.92,24.384,0.358,0.341,0.371,Six-Tenths_Swoffer_01
SSF_15,T05P,  2023-07-26,9:11,6,Right_Bank,D,182.88,27.432,0.655,0.631,0.644,Six-Tenths_Swoffer_01
SSF_15,T05P,  2023-07-26,9:11,6,Right_Bank,E,243.84,27.432,0.592,0.601,0.573,Six-Tenths_Swoffer_01
SSF_15,T05P,  2023-07-26,9:11,6,Right_Bank,F,304.8,45.72,0.214,0.32,0.256,Six-Tenths_Swoffer_01
SSF_15,T05P,  2023-07-26,9:11,6,Right_Bank,G,365.76,47.244,0.594,0.623,0.614,Six-Tenths_Swoffer_01
SSF_15,T05P,  2023-07-26,9:11,6,Right_Bank,H,426.72,25.908,0.612,0.617,0.635,Six-Tenths_Swoffer_01
SSF_15,T05P,  2023-07-26,9:11,6,Right_Bank,I,487.68,28.956,0.882,0.914,0.939,Six-Tenths_Swoffer_01
SSF_15,T05P,  2023-07-26,9:11,6,Right_Bank,J,548.64,47.244,0.663,0.653,0.673,Six-Tenths_Swoffer_01
SSF_15,T05P,  2023-07-26,9:11,6,Right_Bank,K,609.6,35.052,0.616,0.635,0.684,Six-Tenths_Swoffer_01
SSF_15,T05P,  2023-07-26,9:11,6,Right_Bank,L,670.56,32.004,0.561,0.559,0.575,Six-Tenths_Swoffer_01
SSF_15,T05P,  2023-07-26,9:11,6,Right_Bank,M,731.52,28.956,0.362,0.361,0.392,Six-Tenths_Swoffer_01
SSF_15,T05P,  2023-07-26,9:11,6,Right_Bank,N,792.48,22.86,0.365,0.377,0.401,Six-Tenths_Swoffer_01
SSF_15,T05P,  2023-07-26,9:11,6,Right_Bank,O,853.44,12.192,0.024,0.015,0.026,Six-Tenths_Swoffer_01
SSF_05,S11,  2023-07-26,10:47,1,Right_Bank,A,0,3.048,0.1,0.006,0.011,Six-Tenths_Swoffer_01
SSF_05,S11,  2023-07-26,10:47,1,Right_Bank,B,100,25.908,0.009,0.015,0.015,Six-Tenths_Swoffer_01
SSF_05,S11,  2023-07-26,10:47,1,Right_Bank,C,200,44.196,0.254,0.287,0.216,Six-Tenths_Swoffer_01
SSF_05,S11,  2023-07-26,10:47,1,Right_Bank,D,300,65.532,0.794,0.826,0.771,Six-Tenths_Swoffer_01
SSF_05,S11,  2023-07-26,10:47,1,Right_Bank,E,400,57.912,0.597,0.439,0.386,Six-Tenths_Swoffer_01
SSF_05,S11,  2023-07-26,10:47,1,Right_Bank,F,500,60.96,1.049,0.948,1.043,Six-Tenths_Swoffer_01
SSF_05,S11,  2023-07-26,10:47,1,Right_Bank,G,600,56.388,1.226,1.114,0.933,Six-Tenths_Swoffer_01
SSF_05,S11,  2023-07-26,10:47,1,Right_Bank,H,700,45.72,1.1,1.064,1.02,Six-Tenths_Swoffer_01
SSF_05,S11,  2023-07-26,10:47,1,Right_Bank,I,800,51.816,0.935,0.784,0.701,Six-Tenths_Swoffer_01
SSF_05,S11,  2023-07-26,10:47,1,Right_Bank,J,900,57.912,0.689,0.705,0.698,Six-Tenths_Swoffer_01
SSF_05,S11,  2023-07-26,10:47,1,Right_Bank,K,1000,41.148,0.369,0.419,0.549,Six-Tenths_Swoffer_01
SSF_05,S11,  2023-07-26,10:47,1,Right_Bank,L,1100,38.1,0.671,0.64,0.613,Six-Tenths_Swoffer_01
SSF_05,S11,  2023-07-26,10:47,1,Right_Bank,M,1200,30.48,0.756,0.829,0.83,Six-Tenths_Swoffer_01
SSF_05,S11,  2023-07-26,10:47,1,Right_Bank,N,1300,30.48,0.521,0.446,0.493,Six-Tenths_Swoffer_01
SSF_05,S11,  2023-07-26,10:47,1,Right_Bank,O,1400,22.86,0.425,0.414,0.435,Six-Tenths_Swoffer_01
SSF_05,S11,  2023-07-26,10:47,1,Right_Bank,P,1500,16.764,0.161,0.177,0.174,Six-Tenths_Swoffer_01
SSF_05,S11,  2023-07-26,10:47,1,Right_Bank,Q,1600,0,0,0,0,Six-Tenths_Swoffer_01
SSF_05,S11,  2023-07-26,11:41,6,Right_Bank,A,0,22.86,0.51,0.494,0.486,Six-Tenths_Swoffer_01
SSF_05,S11,  2023-07-26,11:41,6,Right_Bank,B,200,38.1,0.396,0.398,0.4,Six-Tenths_Swoffer_01
SSF_05,S11,  2023-07-26,11:41,6,Right_Bank,C,400,27.432,0.801,0.755,0.786,Six-Tenths_Swoffer_01
SSF_05,S11,  2023-07-26,11:41,6,Right_Bank,D,500,33.528,0.482,0.519,0.512,Six-Tenths_Swoffer_01
SSF_05,S11,  2023-07-26,11:41,6,Right_Bank,E,600,33.528,0.764,0.777,0.729,Six-Tenths_Swoffer_01
SSF_05,S11,  2023-07-26,11:41,6,Right_Bank,F,700,35.052,0.742,0.695,0.705,Six-Tenths_Swoffer_01
SSF_05,S11,  2023-07-26,11:41,6,Right_Bank,G,800,42.672,0.955,1.007,0.966,Six-Tenths_Swoffer_01
SSF_05,S11,  2023-07-26,11:41,6,Right_Bank,H,900,33.528,1.011,1.006,1.005,Six-Tenths_Swoffer_01
SSF_05,S11,  2023-07-26,11:41,6,Right_Bank,I,1000,38.1,0.876,0.837,0.895,Six-Tenths_Swoffer_01
SSF_05,S11,  2023-07-26,11:41,6,Right_Bank,J,1100,48.768,0.987,1.032,1.012,Six-Tenths_Swoffer_01
SSF_05,S11,  2023-07-26,11:41,6,Right_Bank,K,1200,57.912,0.728,0.763,0.684,Six-Tenths_Swoffer_01
SSF_05,S11,  2023-07-26,11:41,6,Right_Bank,L,1300,62.484,0.873,0.896,0.944,Six-Tenths_Swoffer_01
SSF_05,S11,  2023-07-26,11:41,6,Right_Bank,M,1400,64.008,0.852,0.933,0.818,Six-Tenths_Swoffer_01
SSF_05,S11,  2023-07-26,11:41,6,Right_Bank,N,1500,54.864,0.539,0.606,0.631,Six-Tenths_Swoffer_01
SSF_05,S11,  2023-07-26,11:41,6,Right_Bank,O,1675,38.1,0.288,0.294,0.306,Six-Tenths_Swoffer_01
SSF_05,S11,  2023-07-26,11:41,6,Right_Bank,P,1850,18.288,0,0,0,Six-Tenths_Swoffer_01
SSF_02,S02,  2023-07-27,7:45,1,Right_Bank,A,0,13.716,0.055,0.049,0.074,Six-Tenths_Swoffer_01
SSF_02,S02,  2023-07-27,7:45,1,Right_Bank,B,137.16,41.148,0.296,0.301,0.252,Six-Tenths_Swoffer_01
SSF_02,S02,  2023-07-27,7:45,1,Right_Bank,C,274.32,28.956,0.185,0.187,0.171,Six-Tenths_Swoffer_01
SSF_02,S02,  2023-07-27,7:45,1,Right_Bank,D,411.48,15.24,0.106,0.124,0.125,Six-Tenths_Swoffer_01
SSF_02,S02,  2023-07-27,7:45,1,Right_Bank,E,548.64,15.24,0.054,0.062,0.059,Six-Tenths_Swoffer_01
SSF_02,S02,  2023-07-27,7:45,1,Right_Bank,F,685.8,27.432,0.318,0.319,0.287,Six-Tenths_Swoffer_01
SSF_02,S02,  2023-07-27,7:45,1,Right_Bank,G,822.96,33.528,0.372,0.431,0.392,Six-Tenths_Swoffer_01
SSF_02,S02,  2023-07-27,7:45,1,Right_Bank,H,960.12,35.052,0.493,0.468,0.444,Six-Tenths_Swoffer_01
SSF_02,S02,  2023-07-27,7:45,1,Right_Bank,I,1097.28,45.72,0.75,0.861,0.699,Six-Tenths_Swoffer_01
SSF_02,S02,  2023-07-27,7:45,1,Right_Bank,J,1234.44,51.816,0.869,0.782,0.918,Six-Tenths_Swoffer_01
SSF_02,S02,  2023-07-27,7:45,1,Right_Bank,K,1371.6,50.292,0.831,0.979,0.887,Six-Tenths_Swoffer_01
SSF_02,S02,  2023-07-27,7:45,1,Right_Bank,L,1508.76,50.292,0.963,1.04,0.94,Six-Tenths_Swoffer_01
SSF_02,S02,  2023-07-27,7:45,1,Right_Bank,M,1645.92,57.912,1.081,1.04,0.969,Six-Tenths_Swoffer_01
SSF_02,S02,  2023-07-27,7:45,1,Right_Bank,N,1783.08,60.96,0.962,0.863,0.871,Six-Tenths_Swoffer_01
SSF_02,S02,  2023-07-27,7:45,1,Right_Bank,O,1920.24,70.104,0.54,0.556,0.513,Six-Tenths_Swoffer_01
SSF_02,S02,  2023-07-27,7:45,1,Right_Bank,P,2057.4,50.292,0.299,0.246,0.28,Six-Tenths_Swoffer_01
SSF_02,S02,  2023-07-27,7:45,1,Right_Bank,Q,2164.08,12.192,0,0,0,Six-Tenths_Swoffer_01
SSF_02,S02,  2023-07-27,8:46,5,Right_Bank,A,0,4.572,0.033,0.11,0.081,Six-Tenths_Swoffer_01
SSF_02,S02,  2023-07-27,8:46,5,Right_Bank,B,100,39.624,0.594,0.618,0.537,Six-Tenths_Swoffer_01
SSF_02,S02,  2023-07-27,8:46,5,Right_Bank,C,200,54.864,1.082,1.131,1.062,Six-Tenths_Swoffer_01
SSF_02,S02,  2023-07-27,8:46,5,Right_Bank,D,300,54.864,1.074,1.052,1.026,Six-Tenths_Swoffer_01
SSF_02,S02,  2023-07-27,8:46,5,Right_Bank,E,400,38.1,1.492,1.482,1.491,Six-Tenths_Swoffer_01
SSF_02,S02,  2023-07-27,8:46,5,Right_Bank,F,500,53.34,1.045,0.918,0.961,Six-Tenths_Swoffer_01
SSF_02,S02,  2023-07-27,8:46,5,Right_Bank,G,600,51.816,1.141,1.079,1.16,Six-Tenths_Swoffer_01
SSF_02,S02,  2023-07-27,8:46,5,Right_Bank,H,700,42.672,1.003,1.262,1.139,Six-Tenths_Swoffer_01
SSF_02,S02,  2023-07-27,8:46,5,Right_Bank,I,800,42.672,1.1177,1.228,1.191,Six-Tenths_Swoffer_01
SSF_02,S02,  2023-07-27,8:46,5,Right_Bank,J,900,42.672,1.116,1.068,1.124,Six-Tenths_Swoffer_01
SSF_02,S02,  2023-07-27,8:46,5,Right_Bank,K,1000,39.624,0.924,0.975,0.958,Six-Tenths_Swoffer_01
SSF_02,S02,  2023-07-27,8:46,5,Right_Bank,L,1100,48.768,1.172,1.111,1.103,Six-Tenths_Swoffer_01
SSF_02,S02,  2023-07-27,8:46,5,Right_Bank,M,1200,39.624,0.612,0.568,0.634,Six-Tenths_Swoffer_01
SSF_02,S02,  2023-07-27,8:46,5,Right_Bank,N,1300,15.24,0.04,0.1,0.128,Six-Tenths_Swoffer_01
SSF_01,S01,  2023-07-27,10:43,6,Left_Bank,A,0,4.572,0,0,0,Six-Tenths_Swoffer_01
SSF_01,S01,  2023-07-27,10:43,6,Left_Bank,B,91.44,28.956,0.285,0.285,0.29,Six-Tenths_Swoffer_01
SSF_01,S01,  2023-07-27,10:43,6,Left_Bank,C,182.88,24.384,0.343,0.368,0.39,Six-Tenths_Swoffer_01
SSF_01,S01,  2023-07-27,10:43,6,Left_Bank,D,274.32,30.48,0.292,0.298,0.274,Six-Tenths_Swoffer_01
SSF_01,S01,  2023-07-27,10:43,6,Left_Bank,E,365.76,45.72,0.239,0.294,0.248,Six-Tenths_Swoffer_01
SSF_01,S01,  2023-07-27,10:43,6,Left_Bank,F,457.2,45.72,0.201,0.2,0.237,Six-Tenths_Swoffer_01
SSF_01,S01,  2023-07-27,10:43,6,Left_Bank,G,548.64,45.72,0.429,0.421,0.405,Six-Tenths_Swoffer_01
SSF_01,S01,  2023-07-27,10:43,6,Left_Bank,H,731.52,53.34,0.339,0.318,0.324,Six-Tenths_Swoffer_01
SSF_01,S01,  2023-07-27,10:43,6,Left_Bank,I,822.96,48.768,0.333,0.414,0.334,Six-Tenths_Swoffer_01
SSF_01,S01,  2023-07-27,10:43,6,Left_Bank,J,914.4,39.624,0.445,0.484,0.502,Six-Tenths_Swoffer_01
SSF_01,S01,  2023-07-27,10:43,6,Left_Bank,K,1005.84,39.624,0.642,0.584,0.642,Six-Tenths_Swoffer_01
SSF_01,S01,  2023-07-27,10:43,6,Left_Bank,L,1097.28,32.004,0.458,0.485,0.462,Six-Tenths_Swoffer_01
SSF_01,S01,  2023-07-27,10:43,6,Left_Bank,M,1188.72,41.148,0.245,0.28,0.278,Six-Tenths_Swoffer_01
SSF_01,S01,  2023-07-27,10:43,6,Left_Bank,N,1280.16,16.764,0.368,0.333,0.357,Six-Tenths_Swoffer_01
SSF_01,S01,  2023-07-27,10:43,6,Left_Bank,O,1402.08,3.048,0.038,0.012,0,Six-Tenths_Swoffer_01
SSF_01,S01,  2023-07-27,9:41,2,Left_Bank,A,0,4.572,0.054,0.041,0.035,Six-Tenths_Swoffer_01
SSF_01,S01,  2023-07-27,9:41,2,Left_Bank,B,45.72,13.716,0.181,0.341,0.358,Six-Tenths_Swoffer_01
SSF_01,S01,  2023-07-27,9:41,2,Left_Bank,C,91.44,24.384,0.51,0.484,0.515,Six-Tenths_Swoffer_01
SSF_01,S01,  2023-07-27,9:41,2,Left_Bank,D,137.16,21.336,0.624,0.656,0.656,Six-Tenths_Swoffer_01
SSF_01,S01,  2023-07-27,9:41,2,Left_Bank,E,182.88,30.48,0.422,0.477,0.398,Six-Tenths_Swoffer_01
SSF_01,S01,  2023-07-27,9:41,2,Left_Bank,F,228.6,28.956,0.784,0.727,0.766,Six-Tenths_Swoffer_01
SSF_01,S01,  2023-07-27,9:41,2,Left_Bank,G,274.32,39.624,0.458,0.506,0.456,Six-Tenths_Swoffer_01
SSF_01,S01,  2023-07-27,9:41,2,Left_Bank,H,320.04,48.768,0.572,0.634,0.569,Six-Tenths_Swoffer_01
SSF_01,S01,  2023-07-27,9:41,2,Left_Bank,I,365.76,44.196,0.829,0.848,0.781,Six-Tenths_Swoffer_01
SSF_01,S01,  2023-07-27,9:41,2,Left_Bank,J,411.48,51.816,0.635,0.86,0.894,Six-Tenths_Swoffer_01
SSF_01,S01,  2023-07-27,9:41,2,Left_Bank,K,457.2,48.768,0.929,0.776,0.758,Six-Tenths_Swoffer_01
SSF_01,S01,  2023-07-27,9:41,2,Left_Bank,L,502.92,45.72,0.604,0.614,0.625,Six-Tenths_Swoffer_01
SSF_01,S01,  2023-07-27,9:41,2,Left_Bank,M,548.64,50.292,0.617,0.611,0.622,Six-Tenths_Swoffer_01
SSF_01,S01,  2023-07-27,9:41,2,Left_Bank,N,594.36,42.672,0.666,0.734,0.671,Six-Tenths_Swoffer_01
SSF_01,S01,  2023-07-27,9:41,2,Left_Bank,O,640.08,45.72,0.163,0.145,0.119,Six-Tenths_Swoffer_01
SSF_01,S01,  2023-07-27,9:41,2,Left_Bank,P,685.8,28.956,0.15,0.171,0.145,Six-Tenths_Swoffer_01
SSF_01,S01,  2023-07-27,9:41,2,Left_Bank,Q,731.52,19.812,0,0,0,Six-Tenths_Swoffer_01
SSF_02,S02,  2023-07-27,7:21,-9999,At_Sensor,A,-9999,42.672,0.287,0.311,0.307,Six-Tenths_Swoffer_01
SSF_05,S11,  2023-07-26,10:27,-9999,At_Sensor,A,-9999,48.768,0.372,0.317,0.323,Six-Tenths_Swoffer_01
SSF_15,T05P,  2023-07-26,7:51,-9999,At_Sensor,A,-9999,77.724,0.174,0.133,0.166,Two-Tenths_Swoffer_01
SSF_15,T05P,  2023-07-26,7:51,-9999,At_Sensor,A,-9999,77.724,0.083,0.082,0.081,Eight-Tenths_Swoffer_01
SSF_14,S47R,  2023-07-25,10:00,-9999,At_Sensor,A,-9999,53.34,0.397,0.4,0.33,Six-Tenths_Swoffer_01
SSF_12,S54,  2023-07-25,7:08,-9999,At_Sensor,A,-9999,53.34,0.773,0.812,0.741,Six-Tenths_Swoffer_01
SSF_06,T41,  2023-07-24,12:49,-9999,At_Sensor,A,-9999,82.296,0.312,0.289,0.288,Eight-Tenths_Swoffer_01
SSF_06,T41,  2023-07-24,12:49,-9999,At_Sensor,A,-9999,82.296,0.592,0.616,0.634,Two-Tenths_Swoffer_01
SSF_10,S08,  2023-07-24,11:25,-9999,At_Sensor,A,-9999,44.196,0.135,0.067,0.062,Six-Tenths_Swoffer_01
SSF_11,S03,  2023-07-24,7:07,-9999,At_Sensor,A,-9999,12.192,0.288,0.276,0.274,Six-Tenths_Swoffer_01
SSF_03,S10,  2023-07-21,7:46,-9999,At_Sensor,A,-9999,27.432,0.513,0.569,0.548,Six-Tenths_Swoffer_01
SSF_04,S04,  2023-07-21,10:40,-9999,At_Sensor,A,-9999,15.24,1.231,1.19,1.197,Six-Tenths_Swoffer_01
SSF_16,S29,  2023-07-20,12:01,-9999,At_Sensor,A,-9999,28.956,0.216,0.27,0.229,Six-Tenths_Swoffer_01
SSF_13,S49R,  2023-07-18,8:35,-9999,At_Sensor,A,-9999,83.82,0.313,0.289,0.263,Eight-Tenths_Swoffer_01
SSF_13,S49R,  2023-07-18,8:35,-9999,At_Sensor,A,-9999,83.82,0.852,0.808,0.844,Two-Tenths_Swoffer_01
